,name,date,marketcap,volume,average price
0,cryptopunks,"Mar 08, 2022(UTC)","$1,646,457,103.22","$946,701.31",53.04857143 ETH
1,cryptopunks,"Mar 09, 2022(UTC)","$1,647,289,920.29","$3,467,012.05",71.71611111 ETH
2,cryptopunks,"Mar 10, 2022(UTC)","$1,647,442,612.40","$919,210.96",69.8719988 ETH
3,cryptopunks,"Mar 11, 2022(UTC)","$1,650,984,181.03","$10,913,162.73",77.06963636 ETH
4,cryptopunks,"Mar 12, 2022(UTC)","$1,652,300,388.08","$10,466,732.33",86.56382979 ETH
5,cryptopunks,"Mar 13, 2022(UTC)","$1,652,406,459.59","$1,945,341.31",75.42 ETH
6,cryptopunks,"Mar 14, 2022(UTC)","$1,652,695,851.24","$1,435,420.55",80.17 ETH
7,cryptopunks,"Mar 15, 2022(UTC)","$1,652,639,929.77","$821,866.09",63.5 ETH
8,cryptopunks,"Mar 16, 2022(UTC)","$1,652,410,955.89","$1,946,392.59",66.35818182 ETH
9,cryptopunks,"Mar 17, 2022(UTC)","$1,653,123,032.71","$3,620,292.51",71.89166667 ETH
10,cryptopunks,"Mar 18, 2022(UTC)","$1,655,169,438.21","$6,493,410.87",74.648 ETH
11,cryptopunks,"Mar 19, 2022(UTC)","$1,658,056,024.11","$6,524,084.23",76.08862069 ETH
12,cryptopunks,"Mar 20, 2022(UTC)","$1,658,833,907.75","$3,031,143.30",69.562 ETH
13,cryptopunks,"Mar 21, 2022(UTC)","$1,659,016,999.72","$2,711,998.01",72.38 ETH
14,cryptopunks,"Mar 22, 2022(UTC)","$1,659,259,669.46","$1,918,140.63",80.20125 ETH
15,cryptopunks,"Mar 23, 2022(UTC)","$1,659,815,437.98","$1,677,496.89",70.6875 ETH
16,cryptopunks,"Mar 24, 2022(UTC)","$1,659,916,648.99","$2,515,335.82",63.43692308 ETH
17,cryptopunks,"Mar 25, 2022(UTC)","$1,659,185,185.54","$1,215,148.34",78.04 ETH
18,cryptopunks,"Mar 26, 2022(UTC)","$1,659,305,374.63","$1,176,516.57",62.83166667 ETH
19,cryptopunks,"Mar 27, 2022(UTC)","$1,659,598,773.75","$1,269,132.15",66.57166667 ETH
20,cryptopunks,"Mar 28, 2022(UTC)","$1,661,025,382.81","$3,291,144.32",81.99083333 ETH
21,cryptopunks,"Mar 29, 2022(UTC)","$1,661,758,493.37","$733,646.92",217 ETH
22,cryptopunks,"Mar 30, 2022(UTC)","$1,662,334,134.31","$2,274,726.39",74.56444444 ETH
23,cryptopunks,"Mar 31, 2022(UTC)","$1,662,685,707.81","$938,113.60",70.375 ETH
24,cryptopunks,"Apr 01, 2022(UTC)","$1,663,007,072.11","$982,095.47",72.1125 ETH
25,cryptopunks,"Apr 02, 2022(UTC)","$1,660,489,889.25","$4,117,137.19",45.52961538 ETH
26,cryptopunks,"Apr 03, 2022(UTC)","$1,662,044,518.23","$3,079,766.21",125.87571429 ETH
27,cryptopunks,"Apr 04, 2022(UTC)","$1,662,946,028.16","$2,343,732.15",61.09090909 ETH
28,cryptopunks,"Apr 05, 2022(UTC)","$1,663,728,476.69","$2,025,917.53",72.9375 ETH
29,cryptopunks,"Apr 06, 2022(UTC)","$1,663,109,477.45","$215,606.00",21.33333333 ETH
30,bored-ape-yacht-club,"Mar 08, 2022(UTC)","$870,632,706.40","$5,657,211.91",85.5053839 ETH
31,bored-ape-yacht-club,"Mar 09, 2022(UTC)","$872,103,130.21","$2,150,568.13",78.88988923 ETH
32,bored-ape-yacht-club,"Mar 10, 2022(UTC)","$872,437,834.07","$1,166,105.00",88.33123584 ETH
33,bored-ape-yacht-club,"Mar 11, 2022(UTC)","$873,566,379.18","$2,356,512.15",76.09871041 ETH
34,bored-ape-yacht-club,"Mar 12, 2022(UTC)","$877,173,668.79","$8,525,979.73",86.80531945 ETH
35,bored-ape-yacht-club,"Mar 13, 2022(UTC)","$881,373,262.70","$10,398,414.66",95.99296917 ETH
36,bored-ape-yacht-club,"Mar 14, 2022(UTC)","$882,295,913.48","$2,429,256.07",104.89821595 ETH
37,bored-ape-yacht-club,"Mar 15, 2022(UTC)","$883,575,297.98","$3,837,747.46",99.64294625 ETH
38,bored-ape-yacht-club,"Mar 16, 2022(UTC)","$890,202,211.91","$15,625,993.74",99.81794723 ETH
39,bored-ape-yacht-club,"Mar 17, 2022(UTC)","$912,548,289.84","$47,050,985.30",105.65796563 ETH
40,bored-ape-yacht-club,"Mar 18, 2022(UTC)","$921,202,746.30","$23,661,668.73",107.85175323 ETH
41,bored-ape-yacht-club,"Mar 19, 2022(UTC)","$927,855,217.14","$20,257,838.83",105.68050841 ETH
42,bored-ape-yacht-club,"Mar 20, 2022(UTC)","$930,564,291.96","$8,200,314.08",118.2284046 ETH
43,bored-ape-yacht-club,"Mar 21, 2022(UTC)","$932,619,692.02","$5,465,218.06",104.38767617 ETH
44,bored-ape-yacht-club,"Mar 22, 2022(UTC)","$935,383,824.81","$7,483,107.80",108.81042685 ETH
45,bored-ape-yacht-club,"Mar 23, 2022(UTC)","$938,852,912.74","$6,841,143.48",115.27717512 ETH
46,bored-ape-yacht-club,"Mar 24, 2022(UTC)","$942,428,782.80","$7,861,632.69",111.46119092 ETH
47,bored-ape-yacht-club,"Mar 25, 2022(UTC)","$946,026,105.06","$8,492,788.64",113.14509954 ETH
48,bored-ape-yacht-club,"Mar 26, 2022(UTC)","$949,654,542.68","$6,657,091.27",118.38728198 ETH
49,bored-ape-yacht-club,"Mar 27, 2022(UTC)","$951,745,785.64","$5,326,686.09",112.77860073 ETH
50,bored-ape-yacht-club,"Mar 28, 2022(UTC)","$954,543,608.24","$7,270,302.38",108.5231878 ETH
51,bored-ape-yacht-club,"Mar 29, 2022(UTC)","$957,053,094.85","$5,722,407.11",119.95053228 ETH
52,bored-ape-yacht-club,"Mar 30, 2022(UTC)","$959,695,420.46","$6,220,637.75",114.24352373 ETH
53,bored-ape-yacht-club,"Mar 31, 2022(UTC)","$963,500,828.86","$7,039,812.89",123.28361435 ETH
54,bored-ape-yacht-club,"Apr 01, 2022(UTC)","$967,665,200.44","$7,751,787.71",122.49351579 ETH
55,bored-ape-yacht-club,"Apr 02, 2022(UTC)","$969,128,793.65","$3,593,091.78",147.14260758 ETH
56,bored-ape-yacht-club,"Apr 03, 2022(UTC)","$971,051,114.05","$3,963,425.93",113.49874951 ETH
57,bored-ape-yacht-club,"Apr 04, 2022(UTC)","$973,110,180.37","$5,172,720.24",114.46251734 ETH
58,bored-ape-yacht-club,"Apr 05, 2022(UTC)","$976,108,915.26","$5,513,165.93",121.9409196 ETH
59,bored-ape-yacht-club,"Apr 06, 2022(UTC)","$977,232,252.87","$3,055,514.42",114.01637319 ETH
60,art-blocks,"Mar 08, 2022(UTC)","$832,819,279.47","$830,427.44",2.97084251 ETH
61,art-blocks,"Mar 09, 2022(UTC)","$832,909,934.47","$322,365.31",1.38511191 ETH
62,art-blocks,"Mar 10, 2022(UTC)","$832,806,002.71","$216,360.56",0.57679362 ETH
63,art-blocks,"Mar 11, 2022(UTC)","$832,741,593.76","$389,149.26",1.50677649 ETH
64,art-blocks,"Mar 12, 2022(UTC)","$832,561,302.19","$256,405.98",0.7454124 ETH
65,art-blocks,"Mar 13, 2022(UTC)","$832,882,254.24","$588,807.77",2.05252252 ETH
66,art-blocks,"Mar 14, 2022(UTC)","$833,091,657.38","$544,446.89",2.12482281 ETH
67,art-blocks,"Mar 15, 2022(UTC)","$833,841,960.15","$1,041,514.60",3.57962868 ETH
68,art-blocks,"Mar 16, 2022(UTC)","$833,772,243.67","$373,478.46",1.20531602 ETH
69,art-blocks,"Mar 17, 2022(UTC)","$833,443,983.46","$734,348.03",2.91431315 ETH
70,art-blocks,"Mar 18, 2022(UTC)","$834,080,905.46","$823,983.76",3.54296633 ETH
71,art-blocks,"Mar 19, 2022(UTC)","$834,105,553.40","$309,558.90",0.93499385 ETH
72,art-blocks,"Mar 20, 2022(UTC)","$834,135,309.44","$113,823.64",0.86777463 ETH
73,art-blocks,"Mar 21, 2022(UTC)","$836,047,125.52","$2,392,810.97",1.31455161 ETH
74,art-blocks,"Mar 22, 2022(UTC)","$836,997,655.45","$1,292,720.71",1.16539213 ETH
75,art-blocks,"Mar 23, 2022(UTC)","$837,851,601.92","$1,577,800.90",2.28065945 ETH
76,art-blocks,"Mar 24, 2022(UTC)","$839,485,572.41","$2,199,217.61",5.58714372 ETH
77,art-blocks,"Mar 25, 2022(UTC)","$839,855,360.73","$981,930.12",0.75372349 ETH
78,art-blocks,"Mar 26, 2022(UTC)","$839,942,618.04","$399,549.96",0.73975238 ETH
79,art-blocks,"Mar 27, 2022(UTC)","$840,021,594.01","$388,809.84",1.17839934 ETH
80,art-blocks,"Mar 28, 2022(UTC)","$840,146,287.38","$451,956.25",1.93886396 ETH
81,art-blocks,"Mar 29, 2022(UTC)","$839,990,011.61","$801,730.81",0.663464 ETH
82,art-blocks,"Mar 30, 2022(UTC)","$840,175,174.68","$260,956.04",0.35769922 ETH
83,art-blocks,"Mar 31, 2022(UTC)","$840,052,987.60","$421,465.33",1.09946464 ETH
84,art-blocks,"Apr 01, 2022(UTC)","$840,740,304.97","$986,410.55",2.67602223 ETH
85,art-blocks,"Apr 02, 2022(UTC)","$841,382,186.49","$858,407.17",1.36517095 ETH
86,art-blocks,"Apr 03, 2022(UTC)","$841,417,394.65","$296,479.22",0.5513363 ETH
87,art-blocks,"Apr 04, 2022(UTC)","$841,350,363.39","$196,671.64",0.47067611 ETH
88,art-blocks,"Apr 05, 2022(UTC)","$841,803,790.34","$928,787.47",1.89874615 ETH
89,art-blocks,"Apr 06, 2022(UTC)","$841,770,611.36","$130,187.23",0.42028499 ETH
90,meebits,"Mar 08, 2022(UTC)","$743,682,954.14","$7,180,471.10",56.64688393 ETH
91,meebits,"Mar 09, 2022(UTC)","$743,532,300.67","$17,632,414.31",63.53764386 ETH
92,meebits,"Mar 10, 2022(UTC)","$743,769,371.60","$17,194,681.59",49.6367464 ETH
93,meebits,"Mar 11, 2022(UTC)","$744,852,788.29","$17,326,515.70",6.33678715 ETH
94,meebits,"Mar 12, 2022(UTC)","$733,155,459.91","$24,651,138.11",18.17416884 ETH
95,meebits,"Mar 13, 2022(UTC)","$732,822,059.68","$6,316,868.72",18.87700583 ETH
96,meebits,"Mar 14, 2022(UTC)","$732,617,874.21","$20,748,121.85",75.55490891 ETH
97,meebits,"Mar 15, 2022(UTC)","$733,231,224.26","$15,761,692.44",60.69680541 ETH
98,meebits,"Mar 16, 2022(UTC)","$733,245,268.30","$1,190,723.46",5.49851555 ETH
99,meebits,"Mar 17, 2022(UTC)","$733,610,722.40","$15,415,955.06",64.81401096 ETH
100,meebits,"Mar 18, 2022(UTC)","$734,484,437.28","$4,492,701.34",19.02854294 ETH
101,meebits,"Mar 19, 2022(UTC)","$735,439,076.17","$22,562,037.42",27.50310458 ETH
102,meebits,"Mar 20, 2022(UTC)","$738,216,639.23","$23,703,554.86",104.05997306 ETH
103,meebits,"Mar 21, 2022(UTC)","$737,583,069.94","$13,667,640.54",80.55224311 ETH
104,meebits,"Mar 22, 2022(UTC)","$738,838,240.40","$15,389,978.29",99.09726386 ETH
105,meebits,"Mar 23, 2022(UTC)","$739,037,151.86","$17,306,881.12",91.29980025 ETH
106,meebits,"Mar 24, 2022(UTC)","$740,285,127.80","$4,957,038.97",25.85035315 ETH
107,meebits,"Mar 25, 2022(UTC)","$739,824,996.51","$19,236,109.61",96.08584292 ETH
108,meebits,"Mar 26, 2022(UTC)","$740,499,495.28","$19,704,629.85",88.08955226 ETH
109,meebits,"Mar 27, 2022(UTC)","$741,698,755.01","$13,042,810.16",89.84983267 ETH
110,meebits,"Mar 28, 2022(UTC)","$741,401,618.43","$16,933,814.52",142.48404717 ETH
111,meebits,"Mar 29, 2022(UTC)","$742,179,968.85","$16,946,296.47",132.18481857 ETH
112,meebits,"Mar 30, 2022(UTC)","$742,315,823.78","$17,120,686.20",144.93550284 ETH
113,meebits,"Mar 31, 2022(UTC)","$738,588,287.37","$14,483,988.89",74.83864865 ETH
114,meebits,"Apr 01, 2022(UTC)","$738,381,683.64","$9,058,791.14",57.51126546 ETH
115,meebits,"Apr 02, 2022(UTC)","$741,942,270.48","$26,221,597.80",175.23315622 ETH
116,meebits,"Apr 03, 2022(UTC)","$741,028,499.43","$21,856,728.89",89.87227867 ETH
117,meebits,"Apr 04, 2022(UTC)","$740,869,138.57","$13,961,078.31",97.16602553 ETH
118,meebits,"Apr 05, 2022(UTC)","$742,027,291.70","$18,454,380.06",109.32717904 ETH
119,meebits,"Apr 06, 2022(UTC)","$739,796,466.52","$19,996,872.78",112.15671862 ETH
120,mutant-ape-yacht-club,"Mar 08, 2022(UTC)","$474,886,913.72","$1,979,289.35",15.79321657 ETH
121,mutant-ape-yacht-club,"Mar 09, 2022(UTC)","$475,379,608.61","$1,634,127.21",15.49379766 ETH
122,mutant-ape-yacht-club,"Mar 10, 2022(UTC)","$475,842,133.40","$1,738,642.06",16.55648766 ETH
123,mutant-ape-yacht-club,"Mar 11, 2022(UTC)","$476,486,698.28","$2,596,152.82",17.70590446 ETH
124,mutant-ape-yacht-club,"Mar 12, 2022(UTC)","$477,749,806.35","$4,318,046.71",19.20152266 ETH
125,mutant-ape-yacht-club,"Mar 13, 2022(UTC)","$479,317,987.94","$5,107,160.00",21.07348811 ETH
126,mutant-ape-yacht-club,"Mar 14, 2022(UTC)","$480,306,007.55","$2,173,358.02",21.79610798 ETH
127,mutant-ape-yacht-club,"Mar 15, 2022(UTC)","$481,126,735.28","$3,483,016.98",20.91989387 ETH
128,mutant-ape-yacht-club,"Mar 16, 2022(UTC)","$487,059,193.57","$14,984,301.22",23.18907818 ETH
129,mutant-ape-yacht-club,"Mar 17, 2022(UTC)","$493,732,944.33","$24,716,279.05",20.79897331 ETH
130,mutant-ape-yacht-club,"Mar 18, 2022(UTC)","$496,820,262.56","$12,963,179.31",20.84663779 ETH
131,mutant-ape-yacht-club,"Mar 19, 2022(UTC)","$501,954,590.44","$13,847,451.19",23.01851332 ETH
132,mutant-ape-yacht-club,"Mar 20, 2022(UTC)","$504,531,592.88","$6,794,817.32",23.63342583 ETH
133,mutant-ape-yacht-club,"Mar 21, 2022(UTC)","$505,896,328.93","$4,030,796.74",23.57029611 ETH
134,mutant-ape-yacht-club,"Mar 22, 2022(UTC)","$507,663,608.51","$4,820,193.80",23.29930617 ETH
135,mutant-ape-yacht-club,"Mar 23, 2022(UTC)","$509,745,819.89","$6,348,129.83",23.71602265 ETH
136,mutant-ape-yacht-club,"Mar 24, 2022(UTC)","$514,136,921.24","$10,143,452.30",24.93373841 ETH
137,mutant-ape-yacht-club,"Mar 25, 2022(UTC)","$515,773,916.66","$3,808,704.51",24.35252794 ETH
138,mutant-ape-yacht-club,"Mar 26, 2022(UTC)","$517,790,890.06","$4,805,078.57",25.25966161 ETH
139,mutant-ape-yacht-club,"Mar 27, 2022(UTC)","$520,408,375.53","$5,433,137.52",25.88375452 ETH
140,mutant-ape-yacht-club,"Mar 28, 2022(UTC)","$522,437,936.24","$4,576,797.60",25.38641027 ETH
141,mutant-ape-yacht-club,"Mar 29, 2022(UTC)","$524,220,242.28","$3,750,935.82",22.93478528 ETH
142,mutant-ape-yacht-club,"Mar 30, 2022(UTC)","$526,043,465.64","$4,531,270.79",23.45071649 ETH
143,mutant-ape-yacht-club,"Mar 31, 2022(UTC)","$528,155,506.58","$4,914,129.10",24.08291289 ETH
144,mutant-ape-yacht-club,"Apr 01, 2022(UTC)","$530,331,831.26","$4,877,711.08",24.2587325 ETH
145,mutant-ape-yacht-club,"Apr 02, 2022(UTC)","$532,445,788.38","$4,076,840.35",23.91070236 ETH
146,mutant-ape-yacht-club,"Apr 03, 2022(UTC)","$534,024,362.10","$3,816,820.92",25.43531408 ETH
147,mutant-ape-yacht-club,"Apr 04, 2022(UTC)","$536,887,407.82","$5,763,360.78",25.48067311 ETH
148,mutant-ape-yacht-club,"Apr 05, 2022(UTC)","$541,070,639.74","$9,762,776.59",27.445915 ETH
149,mutant-ape-yacht-club,"Apr 06, 2022(UTC)","$542,584,584.33","$3,803,204.97",28.55631346 ETH
150,loot-for-adventurers,"Mar 08, 2022(UTC)","$408,828,312.86","$42,404.16",2.075625 ETH
151,loot-for-adventurers,"Mar 09, 2022(UTC)","$408,794,382.25","$24,373.25",2.26 ETH
152,loot-for-adventurers,"Mar 10, 2022(UTC)","$408,799,535.66","$5,153.41",1.98 ETH
153,loot-for-adventurers,"Mar 11, 2022(UTC)","$408,776,748.99","$23,323.48",1.79608222 ETH
154,loot-for-adventurers,"Mar 12, 2022(UTC)","$408,734,507.29","$9,012.99",1.74412912 ETH
155,loot-for-adventurers,"Mar 13, 2022(UTC)","$408,693,122.27","$3,237.93",1.26039866 ETH
156,loot-for-adventurers,"Mar 14, 2022(UTC)","$408,680,622.80","$22,581.51",2.20225 ETH
157,loot-for-adventurers,"Mar 15, 2022(UTC)","$405,676,874.66","$18,731.38",1.79 ETH
158,loot-for-adventurers,"Mar 16, 2022(UTC)","$405,552,973.18","$35,798.02",1.89267156 ETH
159,loot-for-adventurers,"Mar 17, 2022(UTC)","$405,506,158.94","$13,398.75",1.59934423 ETH
160,loot-for-adventurers,"Mar 18, 2022(UTC)","$405,452,964.72","$10,931.22",1.89 ETH
161,loot-for-adventurers,"Mar 19, 2022(UTC)","$400,847,375.26","$5,011.62",1.7 ETH
162,loot-for-adventurers,"Mar 20, 2022(UTC)","$400,816,133.47","$12,170.74",2.1 ETH
163,loot-for-adventurers,"Mar 21, 2022(UTC)","$400,673,905.62","$31,698.63",1.84466667 ETH
164,loot-for-adventurers,"Mar 22, 2022(UTC)","$400,585,225.16","$16,213.15",1.34789214 ETH
165,loot-for-adventurers,"Mar 23, 2022(UTC)","$387,082,864.07","$59,886.43",1.54446743 ETH
166,loot-for-adventurers,"Mar 24, 2022(UTC)","$386,958,216.97","$10,176.10",1.635 ETH
167,loot-for-adventurers,"Mar 25, 2022(UTC)","$383,580,770.40","$4,678.38",1.5 ETH
168,loot-for-adventurers,"Mar 26, 2022(UTC)","$383,572,297.31","$60,899.08",1.947 ETH
169,loot-for-adventurers,"Mar 27, 2022(UTC)","$383,359,599.75","$70,329.17",1.71830769 ETH
170,loot-for-adventurers,"Mar 28, 2022(UTC)","$383,227,803.04","$32,277.89",1.60883314 ETH
171,loot-for-adventurers,"Mar 29, 2022(UTC)","$383,248,705.81","$32,401.52",1.894 ETH
172,loot-for-adventurers,"Mar 30, 2022(UTC)","$383,181,027.79","$42,365.57",1.56640102 ETH
173,loot-for-adventurers,"Mar 31, 2022(UTC)","$383,141,408.05","$29,543.42",1.735 ETH
174,loot-for-adventurers,"Apr 01, 2022(UTC)","$382,981,042.61","$73,925.52",1.70928799 ETH
175,loot-for-adventurers,"Apr 02, 2022(UTC)","$382,685,640.34","$62,027.45",1.370163 ETH
176,loot-for-adventurers,"Apr 03, 2022(UTC)","$382,725,650.02","$188,156.28",2.44171153 ETH
177,loot-for-adventurers,"Apr 04, 2022(UTC)","$382,744,443.68","$151,321.66",1.98745455 ETH
178,loot-for-adventurers,"Apr 05, 2022(UTC)","$382,555,808.03","$46,774.92",1.91428571 ETH
179,loot-for-adventurers,"Apr 06, 2022(UTC)","$382,587,551.97","$51,012.75",2.18571429 ETH
180,azuki,"Mar 08, 2022(UTC)","$211,461,275.60","$820,564.14",10.70443644 ETH
181,azuki,"Mar 09, 2022(UTC)","$211,625,100.90","$617,647.83",9.86075185 ETH
182,azuki,"Mar 10, 2022(UTC)","$211,853,150.39","$1,145,494.90",11.21371372 ETH
183,azuki,"Mar 11, 2022(UTC)","$212,188,078.35","$743,920.89",10.2962674 ETH
184,azuki,"Mar 12, 2022(UTC)","$212,410,417.95","$1,041,683.16",10.34216983 ETH
185,azuki,"Mar 13, 2022(UTC)","$212,724,090.78","$1,610,433.23",11.36476752 ETH
186,azuki,"Mar 14, 2022(UTC)","$212,929,958.01","$701,514.47",13.77978058 ETH
187,azuki,"Mar 15, 2022(UTC)","$213,203,357.60","$657,319.85",11.12642321 ETH
188,azuki,"Mar 16, 2022(UTC)","$213,684,622.56","$1,129,439.05",15.45155291 ETH
189,azuki,"Mar 17, 2022(UTC)","$214,381,660.51","$2,047,628.67",11.12300486 ETH
190,azuki,"Mar 18, 2022(UTC)","$218,467,221.83","$9,917,596.34",13.46294373 ETH
191,azuki,"Mar 19, 2022(UTC)","$219,625,272.17","$2,752,836.10",13.13809826 ETH
192,azuki,"Mar 20, 2022(UTC)","$220,501,517.30","$1,900,766.88",14.23991393 ETH
193,azuki,"Mar 21, 2022(UTC)","$221,100,462.09","$1,565,829.94",13.52181237 ETH
194,azuki,"Mar 22, 2022(UTC)","$221,872,269.67","$2,672,479.32",13.22904309 ETH
195,azuki,"Mar 23, 2022(UTC)","$224,489,563.19","$5,757,171.20",14.54511547 ETH
196,azuki,"Mar 24, 2022(UTC)","$234,261,463.45","$19,037,449.99",17.30681477 ETH
197,azuki,"Mar 25, 2022(UTC)","$237,282,268.14","$5,911,841.11",19.50981631 ETH
198,azuki,"Mar 26, 2022(UTC)","$243,020,885.19","$10,030,590.03",19.47559113 ETH
199,azuki,"Mar 27, 2022(UTC)","$246,443,848.87","$5,602,282.84",20.6755196 ETH
200,azuki,"Mar 28, 2022(UTC)","$248,425,459.16","$3,936,394.21",19.36158362 ETH
201,azuki,"Mar 29, 2022(UTC)","$251,877,841.44","$5,876,731.98",19.5996709 ETH
202,azuki,"Mar 30, 2022(UTC)","$256,380,040.95","$6,976,436.75",27.82296213 ETH
203,azuki,"Mar 31, 2022(UTC)","$263,449,024.23","$14,400,127.47",20.31459928 ETH
204,azuki,"Apr 01, 2022(UTC)","$285,203,886.80","$35,410,874.65",27.05543969 ETH
205,azuki,"Apr 02, 2022(UTC)","$303,063,886.98","$26,818,507.56",35.86496213 ETH
206,azuki,"Apr 03, 2022(UTC)","$307,974,871.91","$8,554,563.47",33.7034369 ETH
207,azuki,"Apr 04, 2022(UTC)","$310,272,465.79","$4,598,768.54",29.94285634 ETH
208,azuki,"Apr 05, 2022(UTC)","$312,098,375.73","$3,734,478.65",30.59818684 ETH
209,azuki,"Apr 06, 2022(UTC)","$313,183,263.72","$2,067,423.04",36.50634988 ETH
210,rtfkt-clone-x-+-murakami,"Mar 08, 2022(UTC)","$307,839,638.25","$1,717,506.57",14.04372968 ETH
211,rtfkt-clone-x-+-murakami,"Mar 09, 2022(UTC)","$308,825,952.62","$1,630,835.63",20.01344331 ETH
212,rtfkt-clone-x-+-murakami,"Mar 10, 2022(UTC)","$309,046,390.63","$842,076.64",11.46419302 ETH
213,rtfkt-clone-x-+-murakami,"Mar 11, 2022(UTC)","$309,416,006.90","$1,090,383.32",12.80329944 ETH
214,rtfkt-clone-x-+-murakami,"Mar 12, 2022(UTC)","$310,012,369.07","$1,247,968.11",15.08501867 ETH
215,rtfkt-clone-x-+-murakami,"Mar 13, 2022(UTC)","$310,350,425.94","$862,101.75",12.88479967 ETH
216,rtfkt-clone-x-+-murakami,"Mar 14, 2022(UTC)","$311,142,612.82","$1,450,625.16",13.19019096 ETH
217,rtfkt-clone-x-+-murakami,"Mar 15, 2022(UTC)","$311,826,704.87","$1,362,204.35",14.35069478 ETH
218,rtfkt-clone-x-+-murakami,"Mar 16, 2022(UTC)","$312,508,644.63","$1,156,702.89",13.44394539 ETH
219,rtfkt-clone-x-+-murakami,"Mar 17, 2022(UTC)","$313,559,172.92","$2,753,927.23",14.96472944 ETH
220,rtfkt-clone-x-+-murakami,"Mar 18, 2022(UTC)","$315,348,559.41","$4,011,691.03",15.65810098 ETH
221,rtfkt-clone-x-+-murakami,"Mar 19, 2022(UTC)","$318,230,081.77","$5,609,647.65",16.98299235 ETH
222,rtfkt-clone-x-+-murakami,"Mar 20, 2022(UTC)","$319,758,047.66","$2,607,803.13",18.71597536 ETH
223,rtfkt-clone-x-+-murakami,"Mar 21, 2022(UTC)","$320,793,045.89","$1,509,720.64",18.69966032 ETH
224,rtfkt-clone-x-+-murakami,"Mar 22, 2022(UTC)","$321,701,976.42","$2,003,106.12",15.54472042 ETH
225,rtfkt-clone-x-+-murakami,"Mar 23, 2022(UTC)","$322,588,773.78","$1,929,407.97",16.69094089 ETH
226,rtfkt-clone-x-+-murakami,"Mar 24, 2022(UTC)","$323,487,037.46","$1,754,827.36",17.33890999 ETH
227,rtfkt-clone-x-+-murakami,"Mar 25, 2022(UTC)","$324,560,278.52","$2,125,571.54",18.83900317 ETH
228,rtfkt-clone-x-+-murakami,"Mar 26, 2022(UTC)","$325,623,453.03","$1,916,461.82",18.06315928 ETH
229,rtfkt-clone-x-+-murakami,"Mar 27, 2022(UTC)","$327,218,044.60","$2,491,459.17",18.25050307 ETH
230,rtfkt-clone-x-+-murakami,"Mar 28, 2022(UTC)","$327,758,274.80","$774,314.57",16.44968646 ETH
231,rtfkt-clone-x-+-murakami,"Mar 29, 2022(UTC)","$328,691,919.68","$1,765,641.02",16.73065759 ETH
232,rtfkt-clone-x-+-murakami,"Mar 30, 2022(UTC)","$329,283,806.37","$1,236,380.96",16.55937436 ETH
233,rtfkt-clone-x-+-murakami,"Mar 31, 2022(UTC)","$332,310,777.36","$4,434,793.90",26.23039737 ETH
234,rtfkt-clone-x-+-murakami,"Apr 01, 2022(UTC)","$334,125,439.82","$3,139,254.33",18.39910984 ETH
235,rtfkt-clone-x-+-murakami,"Apr 02, 2022(UTC)","$336,630,495.96","$4,514,595.55",17.07691286 ETH
236,rtfkt-clone-x-+-murakami,"Apr 03, 2022(UTC)","$355,996,566.27","$31,727,888.83",21.91044257 ETH
237,rtfkt-clone-x-+-murakami,"Apr 04, 2022(UTC)","$360,040,101.89","$6,954,488.49",24.97962357 ETH
238,rtfkt-clone-x-+-murakami,"Apr 05, 2022(UTC)","$361,313,580.64","$2,381,020.53",21.26870616 ETH
239,rtfkt-clone-x-+-murakami,"Apr 06, 2022(UTC)","$362,888,938.31","$2,908,788.28",27.12408852 ETH
240,the-sandbox-land,"Mar 08, 2022(UTC)","$212,938,776.53","$506,029.64",3.30109811 ETH
241,the-sandbox-land,"Mar 09, 2022(UTC)","$213,281,326.88","$424,383.22",3.07612194 ETH
242,the-sandbox-land,"Mar 10, 2022(UTC)","$213,600,752.79","$439,356.26",3.16520562 ETH
243,the-sandbox-land,"Mar 11, 2022(UTC)","$213,839,320.14","$325,407.17",2.99447931 ETH
244,the-sandbox-land,"Mar 12, 2022(UTC)","$214,138,471.61","$371,004.68",3.11958751 ETH
245,the-sandbox-land,"Mar 13, 2022(UTC)","$214,480,825.40","$520,866.05",3.208341 ETH
246,the-sandbox-land,"Mar 14, 2022(UTC)","$214,805,586.23","$450,058.75",3.19729096 ETH
247,the-sandbox-land,"Mar 15, 2022(UTC)","$215,074,174.11","$335,594.84",2.96925816 ETH
248,the-sandbox-land,"Mar 16, 2022(UTC)","$215,441,421.26","$503,506.42",3.28257694 ETH
249,the-sandbox-land,"Mar 17, 2022(UTC)","$215,793,509.25","$462,791.72",3.08221103 ETH
250,the-sandbox-land,"Mar 18, 2022(UTC)","$216,124,151.30","$440,155.38",3.28781783 ETH
251,the-sandbox-land,"Mar 19, 2022(UTC)","$216,452,394.03","$434,659.71",3.13386644 ETH
252,the-sandbox-land,"Mar 20, 2022(UTC)","$216,767,996.39","$444,282.48",3.06054233 ETH
253,the-sandbox-land,"Mar 21, 2022(UTC)","$217,174,759.91","$612,568.41",2.85948313 ETH
254,the-sandbox-land,"Mar 22, 2022(UTC)","$217,507,221.92","$404,968.39",3.0037627 ETH
255,the-sandbox-land,"Mar 23, 2022(UTC)","$217,800,877.69","$444,083.79",3.05369936 ETH
256,the-sandbox-land,"Mar 24, 2022(UTC)","$218,217,781.81","$535,473.95",2.91953024 ETH
257,the-sandbox-land,"Mar 25, 2022(UTC)","$218,599,814.83","$480,330.30",3.133619 ETH
258,the-sandbox-land,"Mar 26, 2022(UTC)","$218,869,514.77","$381,198.43",2.77729667 ETH
259,the-sandbox-land,"Mar 27, 2022(UTC)","$219,027,702.28","$253,275.65",2.58711331 ETH
260,the-sandbox-land,"Mar 28, 2022(UTC)","$219,478,801.32","$617,050.80",2.49061582 ETH
261,the-sandbox-land,"Mar 29, 2022(UTC)","$219,761,162.22","$423,196.96",2.48739514 ETH
262,the-sandbox-land,"Mar 30, 2022(UTC)","$219,945,664.65","$291,854.75",2.45961893 ETH
263,the-sandbox-land,"Mar 31, 2022(UTC)","$220,319,023.12","$505,517.46",2.82820106 ETH
264,the-sandbox-land,"Apr 01, 2022(UTC)","$220,577,962.29","$401,328.04",2.51432412 ETH
265,the-sandbox-land,"Apr 02, 2022(UTC)","$220,915,772.41","$423,097.51",2.33827851 ETH
266,the-sandbox-land,"Apr 03, 2022(UTC)","$221,238,531.97","$535,941.16",2.19741165 ETH
267,the-sandbox-land,"Apr 04, 2022(UTC)","$221,615,969.44","$595,190.37",2.08170922 ETH
268,the-sandbox-land,"Apr 05, 2022(UTC)","$221,972,212.16","$494,868.59",2.07587832 ETH
269,the-sandbox-land,"Apr 06, 2022(UTC)","$222,139,715.46","$285,909.45",2.20500321 ETH
270,rtfkt---mnlth,"Mar 08, 2022(UTC)","$97,028,625.94","$572,200.74",4.31831504 ETH
271,rtfkt---mnlth,"Mar 09, 2022(UTC)","$104,765,680.40","$355,302.02",4.51963552 ETH
272,rtfkt---mnlth,"Mar 10, 2022(UTC)","$100,821,292.90","$509,861.33",4.40524512 ETH
273,rtfkt---mnlth,"Mar 11, 2022(UTC)","$100,910,016.94","$536,376.28",4.40325778 ETH
274,rtfkt---mnlth,"Mar 12, 2022(UTC)","$96,730,613.77","$372,022.69",4.36539938 ETH
275,rtfkt---mnlth,"Mar 13, 2022(UTC)","$96,257,869.44","$277,171.03",4.31178853 ETH
276,rtfkt---mnlth,"Mar 14, 2022(UTC)","$112,702,942.44","$564,973.79",4.73786299 ETH
277,rtfkt---mnlth,"Mar 15, 2022(UTC)","$111,166,469.36","$531,772.59",5.19012196 ETH
278,rtfkt---mnlth,"Mar 16, 2022(UTC)","$110,562,265.58","$329,543.62",4.88112342 ETH
279,rtfkt---mnlth,"Mar 17, 2022(UTC)","$130,364,155.82","$636,962.56",4.65403702 ETH
280,rtfkt---mnlth,"Mar 18, 2022(UTC)","$142,991,767.46","$1,045,721.51",5.2197599 ETH
281,rtfkt---mnlth,"Mar 19, 2022(UTC)","$153,950,644.24","$1,869,457.40",5.71095951 ETH
282,rtfkt---mnlth,"Mar 20, 2022(UTC)","$162,636,611.61","$2,914,910.59",6.44360742 ETH
283,rtfkt---mnlth,"Mar 21, 2022(UTC)","$157,219,954.60","$1,056,688.73",6.19750338 ETH
284,rtfkt---mnlth,"Mar 22, 2022(UTC)","$163,093,693.88","$962,657.29",5.96067544 ETH
285,rtfkt---mnlth,"Mar 23, 2022(UTC)","$163,500,624.09","$986,755.03",5.946385 ETH
286,rtfkt---mnlth,"Mar 24, 2022(UTC)","$171,243,860.94","$1,119,872.65",6.10585904 ETH
287,rtfkt---mnlth,"Mar 25, 2022(UTC)","$176,085,556.39","$1,131,475.26",6.22834057 ETH
288,rtfkt---mnlth,"Mar 26, 2022(UTC)","$164,567,938.69","$1,032,096.68",6.23600615 ETH
289,rtfkt---mnlth,"Mar 27, 2022(UTC)","$161,943,655.97","$799,038.61",5.86000259 ETH
290,rtfkt---mnlth,"Mar 28, 2022(UTC)","$181,906,844.81","$1,173,881.08",5.80248843 ETH
291,rtfkt---mnlth,"Mar 29, 2022(UTC)","$182,486,201.98","$1,552,618.13",5.59067988 ETH
292,rtfkt---mnlth,"Mar 30, 2022(UTC)","$182,854,520.16","$1,147,621.06",6.04015965 ETH
293,rtfkt---mnlth,"Mar 31, 2022(UTC)","$183,116,124.62","$1,002,170.51",5.94246313 ETH
294,rtfkt---mnlth,"Apr 01, 2022(UTC)","$186,763,891.27","$761,524.79",5.98546359 ETH
295,rtfkt---mnlth,"Apr 02, 2022(UTC)","$212,665,136.04","$1,960,261.98",6.26684774 ETH
296,rtfkt---mnlth,"Apr 03, 2022(UTC)","$221,039,763.72","$3,740,917.28",7.24054329 ETH
297,rtfkt---mnlth,"Apr 04, 2022(UTC)","$219,712,435.45","$1,160,876.92",7.07544112 ETH
298,rtfkt---mnlth,"Apr 05, 2022(UTC)","$220,656,880.94","$1,145,984.25",6.98786878 ETH
299,rtfkt---mnlth,"Apr 06, 2022(UTC)","$194,521,700.40","$769,786.04",6.79244239 ETH
